status,url
200,https://peartree.dental
200,https://peartree.dental/arnold/complete-smile-makeover
200,https://peartree.dental/arnold/composite-bonding
200,https://peartree.dental/arnold/dental-bridges
200,https://peartree.dental/arnold/dental-crowns
200,https://peartree.dental/arnold/dental-implants
200,https://peartree.dental/arnold/dentures
200,https://peartree.dental/arnold/emergency-dentist
200,https://peartree.dental/arnold/invisalign
200,https://peartree.dental/arnold/orthodontics
200,https://peartree.dental/arnold/porcelain-veneers
200,https://peartree.dental/arnold/root-canal-treatment
200,https://peartree.dental/arnold/teeth-whitening
200,https://peartree.dental/book
200,https://peartree.dental/gedling/affordable-teeth-whitening
200,https://peartree.dental/gedling/childrens-dentistry
200,https://peartree.dental/gedling/complete-smile-makeovers
200,https://peartree.dental/gedling/composite-bonding
200,https://peartree.dental/gedling/dental-crowns
200,https://peartree.dental/gedling/emergency-dentist
200,https://peartree.dental/gedling/family-dental-implants
200,https://peartree.dental/gedling/family-dentistry
200,https://peartree.dental/gedling/family-orthodontics
200,https://peartree.dental/gedling/family-preventive-care
200,https://peartree.dental/gedling/flexible-payment-dentistry
200,https://peartree.dental/gedling/nhs-private-dentistry
200,https://peartree.dental/mapperley/advanced-family-orthodontics
200,https://peartree.dental/mapperley/childrens-dentistry
200,https://peartree.dental/mapperley/childrens-preventive-care
200,https://peartree.dental/mapperley/emergency-dentist
200,https://peartree.dental/mapperley/family-cosmetic-surgery
200,https://peartree.dental/mapperley/family-dental-crowns
200,https://peartree.dental/mapperley/family-dental-implants
200,https://peartree.dental/mapperley/family-orthodontics
200,https://peartree.dental/mapperley/family-smile-makeovers
200,https://peartree.dental/mapperley/multi-generational-rehabilitation
200,https://peartree.dental/mapperley/teen-cosmetic-dentistry
200,https://peartree.dental/mapperley/teeth-whitening
200,https://peartree.dental/services
200,https://peartree.dental/contact
200,https://peartree.dental/membership
200,https://peartree.dental/new-patients
200,https://peartree.dental/pricing
200,https://peartree.dental/services/complete-smile-makeover
200,https://peartree.dental/services/cosmetic
200,https://peartree.dental/services/cosmetic-dentistry
200,https://peartree.dental/services/dental-implants
200,https://peartree.dental/services/emergency
200,https://peartree.dental/services/emergency-dentist
200,https://peartree.dental/services/emergency-dentistry
200,https://peartree.dental/services/emergency-repairs
200,https://peartree.dental/services/general
200,https://peartree.dental/services/general-dentistry
200,https://peartree.dental/services/hygiene
200,https://peartree.dental/services/implants
200,https://peartree.dental/services/orthodontics
200,https://peartree.dental/services/restorative
200,https://peartree.dental/services/restorative-dentistry
200,https://peartree.dental/services/treatment-comparison
200,https://peartree.dental/about/practice
200,https://peartree.dental/about/team
200,https://peartree.dental/testimonials
200,https://peartree.dental/arnold
200,https://peartree.dental/gedling
200,https://peartree.dental/mapperley
200,https://peartree.dental/smile-gallery
200,https://peartree.dental/alternatives/arnold
200,https://peartree.dental/alternatives/bingham
200,https://peartree.dental/alternatives/carlton
200,https://peartree.dental/alternatives/east-bridgford
200,https://peartree.dental/alternatives/mapperley
200,https://peartree.dental/alternatives/netherfield
200,https://peartree.dental/alternatives/nottingham
200,https://peartree.dental/alternatives/nottingham-city
200,https://peartree.dental/alternatives/the-park
200,https://peartree.dental/alternatives/west-bridgford
200,https://peartree.dental/bingham
200,https://peartree.dental/bingham-teeth-straightening
200,https://peartree.dental/bingham-teeth-whitening
308,https://peartree.dental/blog
200,https://peartree.dental/burton-joyce
200,https://peartree.dental/cohort-demo
200,https://peartree.dental/colwick
200,https://peartree.dental/complaints
200,https://peartree.dental/east-bridgford
200,https://peartree.dental/east-bridgford-smile-design
200,https://peartree.dental/east-bridgford-teeth-straightening
200,https://peartree.dental/east-bridgford-teeth-whitening
200,https://peartree.dental/emergency-dentist-nottingham
200,https://peartree.dental/lowdham
200,https://peartree.dental/membership/signup
200,https://peartree.dental/membership/signup/success
200,https://peartree.dental/ng14-dental
200,https://peartree.dental/ng4-dental
200,https://peartree.dental/nottingham-dentist
200,https://peartree.dental/nottingham-dentist/complete-smile-makeover
200,https://peartree.dental/nottingham-dentist/composite-bonding
200,https://peartree.dental/nottingham-dentist/dental-bridges
200,https://peartree.dental/nottingham-dentist/dental-crowns
200,https://peartree.dental/nottingham-dentist/dental-implants
200,https://peartree.dental/nottingham-dentist/dentures
200,https://peartree.dental/nottingham-dentist/emergency-dentist
200,https://peartree.dental/nottingham-dentist/invisalign
200,https://peartree.dental/nottingham-dentist/orthodontics
200,https://peartree.dental/nottingham-dentist/porcelain-veneers
200,https://peartree.dental/nottingham-dentist/root-canal-treatment
200,https://peartree.dental/nottingham-dentist/teeth-whitening
200,https://peartree.dental/nottingham-smile-design
200,https://peartree.dental/nottingham-teeth-straightening
200,https://peartree.dental/nottingham-teeth-whitening
200,https://peartree.dental/patient-education
200,https://peartree.dental/perfect-smile-nottingham
200,https://peartree.dental/privacy
200,https://peartree.dental/reviews
200,https://peartree.dental/reviews/arnold
200,https://peartree.dental/reviews/bingham
200,https://peartree.dental/reviews/carlton
200,https://peartree.dental/reviews/east-bridgford
200,https://peartree.dental/reviews/mapperley
200,https://peartree.dental/reviews/netherfield
200,https://peartree.dental/reviews/nottingham
200,https://peartree.dental/reviews/nottingham-city
200,https://peartree.dental/reviews/the-park
200,https://peartree.dental/reviews/west-bridgford
200,https://peartree.dental/rivendell
500,https://peartree.dental/services-location/cosmetic-dentistry/arnold
500,https://peartree.dental/services-location/cosmetic-dentistry/bingham
500,https://peartree.dental/services-location/cosmetic-dentistry/bingham-teeth-straightening
500,https://peartree.dental/services-location/cosmetic-dentistry/bingham-teeth-whitening
500,https://peartree.dental/services-location/cosmetic-dentistry/burton-joyce
500,https://peartree.dental/services-location/cosmetic-dentistry/colwick
500,https://peartree.dental/services-location/cosmetic-dentistry/complaints
500,https://peartree.dental/services-location/cosmetic-dentistry/east-bridgford
500,https://peartree.dental/services-location/cosmetic-dentistry/east-bridgford-smile-design
500,https://peartree.dental/services-location/cosmetic-dentistry/east-bridgford-teeth-straightening
500,https://peartree.dental/services-location/cosmetic-dentistry/east-bridgford-teeth-whitening
500,https://peartree.dental/services-location/cosmetic-dentistry/emergency-dentist-nottingham
500,https://peartree.dental/services-location/cosmetic/arnold
500,https://peartree.dental/services-location/cosmetic/bingham
500,https://peartree.dental/services-location/cosmetic/bingham-teeth-straightening
500,https://peartree.dental/services-location/cosmetic/bingham-teeth-whitening
500,https://peartree.dental/services-location/cosmetic/burton-joyce
500,https://peartree.dental/services-location/cosmetic/colwick
500,https://peartree.dental/services-location/cosmetic/complaints
500,https://peartree.dental/services-location/cosmetic/east-bridgford
500,https://peartree.dental/services-location/cosmetic/east-bridgford-smile-design
500,https://peartree.dental/services-location/cosmetic/east-bridgford-teeth-straightening
500,https://peartree.dental/services-location/cosmetic/east-bridgford-teeth-whitening
500,https://peartree.dental/services-location/cosmetic/emergency-dentist-nottingham
500,https://peartree.dental/services-location/general-dentistry/arnold
500,https://peartree.dental/services-location/general-dentistry/bingham
500,https://peartree.dental/services-location/general-dentistry/bingham-teeth-straightening
500,https://peartree.dental/services-location/general-dentistry/bingham-teeth-whitening
500,https://peartree.dental/services-location/general-dentistry/burton-joyce
500,https://peartree.dental/services-location/general-dentistry/colwick
500,https://peartree.dental/services-location/general-dentistry/complaints
500,https://peartree.dental/services-location/general-dentistry/east-bridgford
500,https://peartree.dental/services-location/general-dentistry/east-bridgford-smile-design
500,https://peartree.dental/services-location/general-dentistry/east-bridgford-teeth-straightening
500,https://peartree.dental/services-location/general-dentistry/east-bridgford-teeth-whitening
500,https://peartree.dental/services-location/general-dentistry/emergency-dentist-nottingham
500,https://peartree.dental/services-location/general/arnold
500,https://peartree.dental/services-location/general/bingham
500,https://peartree.dental/services-location/general/bingham-teeth-straightening
500,https://peartree.dental/services-location/general/bingham-teeth-whitening
500,https://peartree.dental/services-location/general/burton-joyce
500,https://peartree.dental/services-location/general/colwick
500,https://peartree.dental/services-location/general/complaints
500,https://peartree.dental/services-location/general/east-bridgford
500,https://peartree.dental/services-location/general/east-bridgford-smile-design
500,https://peartree.dental/services-location/general/east-bridgford-teeth-straightening
500,https://peartree.dental/services-location/general/east-bridgford-teeth-whitening
500,https://peartree.dental/services-location/general/emergency-dentist-nottingham
500,https://peartree.dental/services-location/restorative-dentistry/arnold
500,https://peartree.dental/services-location/restorative-dentistry/bingham
500,https://peartree.dental/services-location/restorative-dentistry/bingham-teeth-straightening
500,https://peartree.dental/services-location/restorative-dentistry/bingham-teeth-whitening
500,https://peartree.dental/services-location/restorative-dentistry/burton-joyce
500,https://peartree.dental/services-location/restorative-dentistry/colwick
500,https://peartree.dental/services-location/restorative-dentistry/complaints
500,https://peartree.dental/services-location/restorative-dentistry/east-bridgford
500,https://peartree.dental/services-location/restorative-dentistry/east-bridgford-smile-design
500,https://peartree.dental/services-location/restorative-dentistry/east-bridgford-teeth-straightening
500,https://peartree.dental/services-location/restorative-dentistry/east-bridgford-teeth-whitening
500,https://peartree.dental/services-location/restorative-dentistry/emergency-dentist-nottingham
500,https://peartree.dental/services-location/restorative/arnold
500,https://peartree.dental/services-location/restorative/bingham
500,https://peartree.dental/services-location/restorative/bingham-teeth-straightening
500,https://peartree.dental/services-location/restorative/bingham-teeth-whitening
500,https://peartree.dental/services-location/restorative/burton-joyce
500,https://peartree.dental/services-location/restorative/colwick
500,https://peartree.dental/services-location/restorative/complaints
500,https://peartree.dental/services-location/restorative/east-bridgford
500,https://peartree.dental/services-location/restorative/east-bridgford-smile-design
500,https://peartree.dental/services-location/restorative/east-bridgford-teeth-straightening
500,https://peartree.dental/services-location/restorative/east-bridgford-teeth-whitening
500,https://peartree.dental/services-location/restorative/emergency-dentist-nottingham
200,https://peartree.dental/services/cosmetic-dentistry/buccal-corridor-correction
200,https://peartree.dental/services/cosmetic-dentistry/composite-bonding
200,https://peartree.dental/services/cosmetic-dentistry/composite-veneers
200,https://peartree.dental/services/cosmetic-dentistry/edge-bonding
200,https://peartree.dental/services/cosmetic-dentistry/porcelain-veneers
200,https://peartree.dental/services/cosmetic-dentistry/teeth-whitening
200,https://peartree.dental/services/cosmetic-dentistry/teeth-whitening-boutique
200,https://peartree.dental/services/cosmetic-dentistry/teeth-whitening-enlighten
200,https://peartree.dental/services/cosmetic-dentistry/ultra-thin-veneers
200,https://peartree.dental/services/cosmetic-dentistry/veneers
404,https://peartree.dental/services/cosmetic-dentistry/veneers/composite
404,https://peartree.dental/services/cosmetic-dentistry/veneers/porcelain
404,https://peartree.dental/services/cosmetic-dentistry/veneers/ultra-thin
200,https://peartree.dental/services/cosmetic-dentistry/wedding-day-smile
200,https://peartree.dental/services/cosmetic/buccal-corridor-correction
200,https://peartree.dental/services/cosmetic/composite-bonding
200,https://peartree.dental/services/cosmetic/composite-veneers
200,https://peartree.dental/services/cosmetic/edge-bonding
200,https://peartree.dental/services/cosmetic/porcelain-veneers
200,https://peartree.dental/services/cosmetic/teeth-whitening
200,https://peartree.dental/services/cosmetic/teeth-whitening-boutique
200,https://peartree.dental/services/cosmetic/teeth-whitening-enlighten
200,https://peartree.dental/services/cosmetic/ultra-thin-veneers
200,https://peartree.dental/services/cosmetic/veneers
404,https://peartree.dental/services/cosmetic/veneers/composite
404,https://peartree.dental/services/cosmetic/veneers/porcelain
404,https://peartree.dental/services/cosmetic/veneers/ultra-thin
200,https://peartree.dental/services/cosmetic/wedding-day-smile
200,https://peartree.dental/services/dental-implants/all-on-4
500,https://peartree.dental/services/dental-implants/implant-bridge
200,https://peartree.dental/services/dental-implants/multiple-implant
200,https://peartree.dental/services/dental-implants/single-implant
200,https://peartree.dental/services/emergency-dentist/broken-tooth-repair
200,https://peartree.dental/services/emergency-dentist/same-day-appointment
200,https://peartree.dental/services/emergency-dentist/toothache-relief
200,https://peartree.dental/services/emergency-dentistry/broken-tooth-repair
200,https://peartree.dental/services/emergency-dentistry/same-day-appointment
200,https://peartree.dental/services/emergency-dentistry/toothache-relief
200,https://peartree.dental/services/emergency/broken-tooth-repair
200,https://peartree.dental/services/emergency/same-day-appointment
200,https://peartree.dental/services/emergency/toothache-relief
200,https://peartree.dental/services/general-dentistry/air-flow-stain-removal
200,https://peartree.dental/services/general-dentistry/biodentine-fillings
200,https://peartree.dental/services/general-dentistry/routine-exam
200,https://peartree.dental/services/general-dentistry/scale-and-polish
200,https://peartree.dental/services/general/air-flow-stain-removal
200,https://peartree.dental/services/general/biodentine-fillings
200,https://peartree.dental/services/general/routine-exam
200,https://peartree.dental/services/general/scale-and-polish
200,https://peartree.dental/services/hygiene/airflow-stain-removal
200,https://peartree.dental/services/implants/all-on-4
500,https://peartree.dental/services/implants/implant-bridge
200,https://peartree.dental/services/implants/multiple-implant
200,https://peartree.dental/services/implants/single-implant
200,https://peartree.dental/services/orthodontics/clearcorrect
200,https://peartree.dental/services/orthodontics/invisalign
200,https://peartree.dental/services/orthodontics/retainers
200,https://peartree.dental/services/restorative-dentistry/cobalt-chrome-dentures
200,https://peartree.dental/services/restorative-dentistry/complete-dentures
200,https://peartree.dental/services/restorative-dentistry/dental-crowns
200,https://peartree.dental/services/restorative-dentistry/dentures
404,https://peartree.dental/services/restorative-dentistry/dentures/cobalt-chrome-dentures
404,https://peartree.dental/services/restorative-dentistry/dentures/complete-dentures
404,https://peartree.dental/services/restorative-dentistry/dentures/hybrid-dentures
404,https://peartree.dental/services/restorative-dentistry/dentures/partial-dentures
404,https://peartree.dental/services/restorative-dentistry/dentures/valplast-dentures
200,https://peartree.dental/services/restorative-dentistry/hybrid-dentures
200,https://peartree.dental/services/restorative-dentistry/partial-dentures
200,https://peartree.dental/services/restorative-dentistry/root-canal-treatment
200,https://peartree.dental/services/restorative-dentistry/smile-design
200,https://peartree.dental/services/restorative-dentistry/valplast-dentures
200,https://peartree.dental/services/restorative-dentistry/white-fillings
200,https://peartree.dental/services/restorative/cobalt-chrome-dentures
200,https://peartree.dental/services/restorative/complete-dentures
200,https://peartree.dental/services/restorative/dental-crowns
200,https://peartree.dental/services/restorative/dentures
404,https://peartree.dental/services/restorative/dentures/cobalt-chrome-dentures
404,https://peartree.dental/services/restorative/dentures/complete-dentures
404,https://peartree.dental/services/restorative/dentures/hybrid-dentures
404,https://peartree.dental/services/restorative/dentures/partial-dentures
404,https://peartree.dental/services/restorative/dentures/valplast-dentures
200,https://peartree.dental/services/restorative/hybrid-dentures
200,https://peartree.dental/services/restorative/partial-dentures
200,https://peartree.dental/services/restorative/root-canal-treatment
200,https://peartree.dental/services/restorative/smile-design
200,https://peartree.dental/services/restorative/valplast-dentures
200,https://peartree.dental/services/restorative/white-fillings
200,https://peartree.dental/services/teeth-whitening/boutique
200,https://peartree.dental/services/teeth-whitening/enlighten
200,https://peartree.dental/smile-design-quiz
200,https://peartree.dental/terms
200,https://peartree.dental/test-form
200,https://peartree.dental/thank-you
200,https://peartree.dental/west-bridgford
200,https://peartree.dental/west-bridgford-teeth-straightening
200,https://peartree.dental/west-bridgford-teeth-whitening
200,https://peartree.dental/west-bridgford/complete-smile-makeover
200,https://peartree.dental/west-bridgford/composite-bonding
200,https://peartree.dental/west-bridgford/dental-bridges
200,https://peartree.dental/west-bridgford/dental-crowns
200,https://peartree.dental/west-bridgford/dental-implants
200,https://peartree.dental/west-bridgford/dentures
200,https://peartree.dental/west-bridgford/emergency-dentist
200,https://peartree.dental/west-bridgford/invisalign
200,https://peartree.dental/west-bridgford/orthodontics
200,https://peartree.dental/west-bridgford/porcelain-veneers
200,https://peartree.dental/west-bridgford/root-canal-treatment
200,https://peartree.dental/west-bridgford/teeth-whitening
200,https://peartree.dental/success
200,https://peartree.dental/offline